Athlete_ID,Age,Gender,Height_cm,Weight_kg,Training_Intensity,Training_Hours_Per_Week,Recovery_Days_Per_Week,Match_Count_Per_Week,Rest_Between_Events_Days,Fatigue_Score,Performance_Score,Team_Contribution_Score,Load_Balance_Score,ACL_Risk_Score,Injury_Indicator,heartbeat
1,24,Male,188,50,Low,12,2,1,3,7,3,5,5,4,Yes,83
2,37,Female,166,85,Medium,2,2,2,2,9,5,9,5,7,Yes,73
3,32,Female,188,75,High,12,2,3,2,9,9,4,8,8,No,64
4,28,Female,171,78,Medium,5,2,3,1,5,8,1,9,3,Yes,77
5,25,Male,175,70,Medium,12,1,0,6,1,2,4,9,9,No,78
6,38,Male,193,60,Low,11,1,2,3,1,3,6,6,2,No,71
7,24,Female,174,89,Medium,5,2,1,1,6,2,5,6,8,Yes,77
8,36,Female,166,60,Medium,8,1,3,4,2,8,1,9,8,No,76
9,28,Male,162,85,Low,6,2,3,1,8,6,4,4,4,Yes,89
10,28,Female,169,98,Medium,8,2,0,5,9,6,6,6,1,No,83
11,38,Female,174,88,Low,2,1,4,1,4,9,4,4,1,Yes,70
12,21,Male,153,89,Low,3,1,1,5,5,8,9,1,2,No,94
13,25,Female,159,84,Low,6,1,2,5,8,4,5,7,9,Yes,82
14,20,Male,152,83,Low,12,2,3,5,3,4,8,6,2,Yes,76
15,39,Male,190,96,Medium,13,1,3,4,5,9,9,9,2,No,60
16,38,Male,194,73,Low,10,2,1,1,3,1,5,7,6,No,74
17,19,Male,167,71,Low,3,1,4,1,3,2,6,7,7,Yes,91
18,29,Male,196,54,Medium,6,1,3,4,3,2,1,2,7,No,68
19,23,Male,185,82,Medium,6,2,1,3,7,6,7,9,9,No,74
20,19,Male,196,85,High,2,2,0,2,7,4,4,9,6,No,87
21,38,Female,171,96,Medium,7,2,4,1,7,3,2,6,8,Yes,83
22,18,Male,183,69,Medium,12,2,2,2,8,3,5,3,6,Yes,94
23,29,Male,196,68,High,2,2,3,6,5,3,3,1,2,No,81
24,39,Female,157,84,Medium,6,2,1,6,5,6,6,4,1,No,86
25,29,Female,189,92,Medium,1,2,0,4,4,8,8,3,5,Yes,78
26,34,Female,198,66,Medium,3,2,2,6,7,7,7,1,9,No,71
27,27,Male,193,94,Medium,2,1,1,6,4,4,3,3,8,Yes,79
28,33,Female,168,92,High,7,2,1,3,2,4,8,4,4,No,60
29,32,Male,191,83,Medium,14,2,2,3,4,2,2,8,5,No,80
30,32,Male,190,58,Medium,4,1,0,3,8,1,9,9,5,No,60
31,36,Male,186,75,High,8,2,0,6,9,9,4,3,6,Yes,69
32,29,Male,155,51,Low,6,1,4,4,3,2,1,6,3,Yes,91
33,37,Female,175,58,High,12,1,3,5,7,8,8,5,5,Yes,98
34,20,Female,183,58,Low,10,2,2,5,9,9,7,6,2,Yes,81
35,22,Male,194,89,High,4,1,2,2,4,4,5,4,1,No,77
36,36,Male,155,66,High,5,2,2,5,3,8,5,6,1,No,91
37,24,Male,186,50,Medium,13,1,0,5,5,9,7,7,7,Yes,86
38,38,Female,182,74,Low,13,1,3,3,1,5,5,9,2,No,87
39,26,Male,171,92,Medium,9,1,4,3,3,7,8,7,4,No,77
40,24,Male,170,89,Low,7,2,1,6,8,4,6,6,5,Yes,98
41,35,Female,155,91,High,10,2,1,2,8,1,5,1,7,No,88
42,21,Female,155,74,High,14,1,2,1,4,3,9,2,2,No,77
43,31,Male,197,88,Low,14,1,3,2,2,5,2,1,6,Yes,67
44,35,Female,153,84,Medium,9,2,0,2,8,3,1,9,1,No,90
45,26,Female,179,52,Medium,7,2,3,4,8,7,8,9,7,No,93
46,38,Male,160,99,Medium,12,1,3,6,4,9,3,7,9,No,66
47,19,Female,179,86,Medium,1,1,0,4,3,6,7,2,5,Yes,95
48,37,Male,180,93,High,12,2,2,2,2,1,8,6,5,Yes,77
49,32,Female,173,93,High,8,2,3,2,9,7,6,4,4,No,97
50,24,Male,158,79,High,4,2,1,2,1,3,9,1,3,No,68
51,29,Male,152,87,High,3,2,0,5,7,5,7,1,9,No,68
52,25,Male,180,83,High,14,2,4,4,5,4,5,5,5,Yes,67
53,32,Female,189,61,Medium,13,1,2,2,8,5,8,2,8,Yes,94
54,20,Male,186,68,Medium,7,2,0,3,4,5,2,4,9,Yes,77
55,31,Female,185,86,Medium,12,1,4,6,7,6,7,1,5,No,64
56,34,Male,173,93,Medium,3,2,4,6,5,6,4,4,9,No,73
57,21,Male,180,98,High,8,1,3,3,5,8,9,6,2,No,87
58,35,Female,155,66,High,6,2,3,6,9,8,1,4,9,No,89
59,25,Male,151,59,High,5,2,3,5,9,9,7,1,4,No,63
60,21,Male,169,98,Low,4,1,0,5,9,8,6,7,6,Yes,98
61,19,Female,177,96,Medium,8,1,0,1,6,2,8,2,6,No,79
62,23,Male,160,61,Medium,8,2,2,1,6,1,5,9,6,No,84
63,39,Male,153,65,High,12,2,3,1,5,2,1,3,2,No,87
64,27,Male,164,73,Medium,1,2,4,6,9,2,1,8,7,Yes,71
65,21,Male,155,68,Medium,9,2,1,5,8,3,9,8,6,No,61
66,39,Female,198,57,High,14,2,2,5,7,7,6,3,1,Yes,73
67,35,Female,179,80,Low,5,1,0,5,7,2,5,4,2,Yes,81
68,29,Male,187,70,Low,4,1,2,3,6,1,1,2,7,Yes,90
69,19,Female,151,66,Low,6,2,2,5,5,6,6,4,1,Yes,82
70,27,Male,164,72,High,6,1,2,3,4,9,6,9,1,Yes,79
71,21,Female,160,86,Medium,2,1,2,1,3,3,3,2,1,No,97
72,31,Male,157,65,High,8,1,1,1,3,6,8,3,8,No,63
73,33,Male,175,55,High,7,2,3,6,6,3,1,4,4,Yes,74
74,32,Male,194,57,Medium,1,1,4,1,4,1,1,5,4,Yes,83
75,25,Male,193,74,Low,5,2,2,6,6,5,6,1,2,Yes,84
76,31,Male,154,67,Low,12,1,2,2,3,4,1,7,1,No,60
77,25,Male,155,74,High,6,2,2,2,4,7,6,7,9,No,66
78,38,Female,175,61,Low,4,1,3,4,9,6,1,9,7,Yes,90
79,33,Male,153,64,High,2,2,0,6,5,7,6,4,4,No,71
80,30,Female,168,75,High,13,2,0,4,7,5,3,6,6,No,64
81,35,Male,169,90,Medium,14,1,1,4,2,4,8,2,2,Yes,97
82,32,Female,182,94,Medium,4,2,0,2,5,7,6,4,7,Yes,71
83,38,Female,169,75,Medium,1,2,2,6,9,7,1,2,2,No,98
84,30,Female,198,96,High,7,2,2,2,3,6,5,5,8,No,77
85,26,Male,161,81,Medium,2,2,2,4,9,8,8,7,8,No,61
86,32,Male,196,59,Low,13,2,1,6,6,4,3,1,1,Yes,69
87,30,Female,150,65,Low,2,2,2,4,4,5,6,7,8,Yes,74
88,18,Male,175,56,High,9,2,0,5,7,4,5,6,2,Yes,89
89,24,Female,163,66,High,5,2,3,6,8,1,6,6,6,No,76
90,26,Male,187,72,Medium,2,1,3,6,6,8,1,8,1,No,63
91,18,Female,186,75,High,11,1,4,4,5,1,7,8,5,Yes,66
92,29,Female,160,70,High,9,2,0,5,6,5,9,6,7,No,90
93,25,Male,185,71,Low,9,2,2,3,5,6,2,3,1,Yes,98
94,28,Female,162,56,Low,1,1,3,2,8,6,5,5,2,No,93
95,36,Male,192,63,Medium,11,1,0,4,1,5,4,2,7,Yes,65
96,34,Female,152,64,High,3,1,3,6,7,3,6,5,6,No,97
97,25,Female,182,56,High,4,2,2,2,2,5,6,9,3,No,93
98,20,Male,155,58,Low,14,1,3,2,9,8,2,1,2,Yes,74
99,20,Male,199,97,High,7,2,4,2,1,2,2,5,4,Yes,73
100,18,Male,159,57,Low,10,2,4,3,6,6,4,6,3,Yes,65
101,22,Female,154,99,Medium,4,1,3,1,9,9,1,7,7,Yes,96
102,27,Male,172,72,Low,2,2,0,4,1,8,9,9,8,Yes,91
103,24,Female,159,78,High,7,2,0,1,4,8,7,6,2,No,62
104,26,Female,193,67,Medium,6,2,0,1,4,8,7,5,7,Yes,62
105,24,Male,151,80,Low,3,2,3,1,9,7,3,7,8,Yes,81
106,26,Male,162,79,Low,6,1,0,2,5,8,3,1,6,Yes,81
107,25,Female,189,88,Medium,11,1,2,5,5,6,1,5,6,Yes,69
108,29,Female,151,84,Medium,6,2,4,2,6,2,3,2,1,Yes,62
109,19,Male,169,67,Low,12,2,2,2,1,2,3,4,4,No,71
110,18,Male,150,91,High,5,1,0,6,1,8,4,7,1,Yes,88
111,33,Male,186,88,Low,4,2,2,6,9,1,4,5,4,Yes,76
112,22,Male,158,66,Medium,10,1,0,1,3,6,3,6,2,Yes,66
113,20,Male,166,63,Low,12,2,3,2,4,6,8,2,5,No,72
114,29,Female,158,80,Medium,1,2,2,1,1,4,8,3,9,No,61
115,25,Female,160,73,Medium,10,1,3,6,9,3,1,7,3,Yes,63
116,39,Female,164,84,High,6,1,3,5,8,3,7,2,8,Yes,69
117,20,Female,173,93,Medium,2,1,1,4,2,1,2,6,3,No,98
118,18,Male,187,94,Medium,13,1,0,1,8,3,1,5,6,No,83
119,20,Male,184,83,High,3,2,4,5,7,4,3,1,4,No,76
120,22,Male,179,52,Medium,14,1,0,4,6,5,4,4,8,Yes,65
121,32,Female,180,86,High,8,2,4,3,1,3,6,2,6,Yes,78
122,31,Female,198,92,High,10,1,0,1,7,6,5,4,8,No,64
123,20,Male,154,89,Medium,14,1,3,1,7,5,4,1,1,Yes,91
124,18,Male,193,75,Medium,14,2,2,3,9,3,8,2,6,No,69
125,22,Female,199,72,Low,6,1,2,3,1,6,4,8,1,No,68
126,31,Female,163,93,High,3,1,1,1,2,6,2,6,1,No,86
127,24,Male,160,88,Low,7,1,4,3,9,8,3,2,8,Yes,72
128,26,Male,158,64,Medium,4,1,4,2,9,2,6,6,7,No,78
129,32,Female,183,98,Low,14,2,4,4,6,1,8,9,3,No,80
130,32,Male,161,53,High,9,2,3,4,6,4,8,7,6,Yes,83
131,27,Male,184,78,Low,5,1,4,4,4,7,9,9,9,No,97
132,30,Male,184,71,High,3,1,2,2,4,3,7,5,7,Yes,63
133,36,Female,150,74,Medium,2,1,3,3,5,3,2,7,3,No,83
134,24,Female,189,62,Medium,11,2,0,5,3,5,8,7,6,Yes,94
135,34,Female,171,67,High,2,2,4,3,1,5,7,3,4,No,62
136,37,Female,178,82,Medium,3,2,4,1,1,3,8,7,3,No,63
137,21,Female,157,65,Medium,2,2,0,6,7,9,3,1,9,No,96
138,22,Female,160,94,Medium,14,1,4,4,1,4,7,9,2,No,99
139,24,Female,190,91,Medium,4,1,0,3,1,3,9,6,1,No,94
140,30,Male,186,93,High,2,1,3,5,3,2,3,5,2,Yes,90
141,32,Male,163,51,Low,10,2,2,1,4,9,6,7,7,Yes,84
142,28,Male,179,84,Low,9,1,0,2,4,4,2,5,1,No,99
143,21,Male,184,91,Medium,2,2,1,2,2,3,2,5,6,No,72
144,30,Male,170,83,Low,9,2,0,5,1,7,5,7,7,No,63
145,24,Male,186,79,Low,13,1,4,1,3,8,5,7,9,Yes,73
146,36,Male,154,62,Medium,6,1,3,4,4,2,7,3,8,Yes,72
147,39,Female,168,62,Medium,1,1,3,3,3,7,2,3,6,No,86
148,19,Female,163,67,Low,4,2,0,1,8,5,7,3,3,Yes,65
149,27,Male,175,81,High,14,2,2,2,1,5,5,6,8,No,76
150,30,Male,153,81,Medium,1,1,1,5,2,3,6,6,7,No,95
151,38,Female,174,84,High,14,1,3,5,7,5,8,3,3,No,99
152,23,Male,194,88,Low,6,2,4,3,4,2,4,3,9,Yes,94
153,29,Male,191,95,Medium,14,1,4,5,8,4,7,8,2,No,76
154,29,Female,174,78,High,13,2,2,5,3,6,6,8,3,No,61
155,37,Male,167,98,Medium,4,2,3,1,6,1,2,7,2,No,72
156,28,Female,189,78,Low,3,1,0,4,9,4,8,4,1,Yes,61
157,24,Male,157,93,High,3,1,4,3,1,6,9,4,4,Yes,87
158,18,Female,188,65,Low,9,1,2,1,1,9,5,3,5,Yes,85
159,18,Female,189,93,Low,6,1,3,4,8,2,4,5,6,No,81
160,37,Female,163,96,Medium,9,2,3,1,3,7,6,3,5,Yes,62
161,30,Male,181,59,High,13,2,3,6,5,6,8,8,1,No,94
162,26,Female,187,79,Low,5,2,3,1,1,2,3,7,3,Yes,71
163,20,Male,182,74,Low,2,1,3,5,5,8,1,3,1,No,83
164,24,Male,172,88,High,8,2,4,4,6,7,4,9,5,Yes,64
165,23,Male,164,69,Low,5,1,2,3,8,5,4,5,5,No,79
166,25,Male,182,54,Low,2,1,3,3,3,5,1,9,6,Yes,98
167,26,Female,174,50,High,4,1,1,4,3,7,9,7,8,Yes,98
168,22,Female,166,79,High,9,1,1,5,9,9,3,7,1,Yes,72
169,18,Male,182,98,High,4,1,2,2,4,9,5,6,4,No,71
170,36,Male,196,52,High,13,1,0,1,4,9,6,2,1,Yes,72
171,27,Female,151,94,Medium,12,2,0,5,7,6,8,9,9,Yes,69
172,29,Male,163,63,High,12,1,0,6,2,6,6,6,7,Yes,92
173,32,Female,189,79,Medium,12,2,1,4,8,3,3,8,7,Yes,99
174,39,Male,189,99,Medium,13,2,0,1,6,1,6,1,5,No,75
175,26,Male,188,53,Medium,14,1,4,3,3,7,1,5,7,Yes,94
176,37,Female,155,67,Low,4,1,3,2,9,4,4,1,2,No,62
177,34,Male,155,86,Medium,2,1,1,6,5,1,6,8,4,No,64
178,34,Female,152,74,Medium,13,2,2,3,8,8,7,8,7,No,85
179,37,Male,156,97,Low,12,1,2,4,7,6,3,1,3,No,70
180,29,Male,157,50,Low,6,2,3,1,8,6,9,9,2,Yes,66
181,24,Male,191,95,Low,13,1,1,4,7,2,7,2,2,No,69
182,19,Female,164,64,High,11,1,0,1,3,1,1,9,1,No,93
183,20,Male,196,58,Low,14,2,0,5,2,2,2,1,5,No,62
184,34,Male,178,64,Low,2,2,4,2,7,4,1,9,6,No,67
185,22,Male,182,98,Medium,12,1,4,5,3,2,9,4,6,Yes,90
186,34,Male,179,73,Low,7,2,0,5,3,1,9,9,9,Yes,70
187,34,Female,188,53,High,3,2,2,4,2,7,7,7,4,No,66
188,34,Female,176,61,Low,3,2,2,2,4,8,3,6,1,No,61
189,19,Male,185,86,High,5,2,4,1,8,6,5,5,6,No,65
190,19,Female,178,86,Low,3,2,3,1,1,4,4,9,5,Yes,91
191,39,Male,187,92,Low,2,1,0,6,1,6,7,2,6,Yes,79
192,22,Male,182,55,Low,10,1,4,3,5,3,9,2,3,Yes,93
193,18,Male,186,88,Low,9,2,4,6,5,8,2,9,2,Yes,75
194,18,Female,176,95,High,2,1,0,6,1,2,8,3,6,Yes,84
195,36,Female,182,73,High,14,1,0,1,6,5,9,8,1,No,71
196,19,Female,153,60,Medium,11,2,2,4,1,1,9,9,7,Yes,66
197,38,Female,171,62,High,2,1,3,5,5,6,7,8,7,Yes,98
198,29,Female,151,83,Low,13,2,3,5,9,2,9,4,7,No,76
199,23,Female,159,74,Medium,8,2,0,5,5,4,9,1,1,Yes,70
200,21,Female,154,56,Medium,9,1,1,2,6,6,3,4,4,Yes,65
201,28,Female,159,53,Medium,7,2,4,1,8,8,4,9,7,Yes,82
202,34,Female,182,57,Low,3,2,4,4,1,8,2,2,9,No,86
203,23,Male,187,69,High,9,2,0,2,2,6,3,3,5,Yes,65
204,22,Female,162,78,Low,3,2,1,3,9,4,5,8,2,No,97
205,37,Female,180,94,Medium,5,2,2,4,3,8,5,6,7,No,61
206,19,Female,196,95,Low,9,1,0,6,6,8,6,8,1,Yes,81
207,23,Female,185,59,Low,12,1,0,4,5,1,7,7,7,Yes,79
208,39,Female,194,92,High,14,2,4,4,2,4,7,5,6,Yes,84
209,28,Female,173,83,High,14,2,0,5,7,4,1,9,7,Yes,74
210,33,Female,164,75,Medium,3,1,0,4,4,7,2,4,3,No,88
211,33,Female,178,90,Low,7,2,0,6,1,7,9,6,3,Yes,67
212,18,Female,157,98,Low,12,1,4,6,4,8,2,2,7,No,96
213,26,Female,154,52,High,1,2,2,1,6,5,6,2,2,No,92
214,23,Female,178,55,Low,4,2,2,4,7,7,1,2,1,No,81
215,33,Male,196,54,Low,4,2,0,5,7,8,3,7,9,No,64
216,20,Male,153,54,Low,7,2,4,4,7,9,2,2,9,No,98
217,37,Female,161,96,High,8,2,2,3,3,3,3,2,7,Yes,77
218,21,Female,194,72,Medium,1,2,2,3,6,3,5,9,7,No,97
219,36,Male,151,98,Medium,5,2,2,5,8,4,6,7,3,No,96
220,20,Female,176,58,Low,7,1,4,1,4,5,9,3,2,Yes,89
221,36,Male,180,84,Medium,12,1,4,1,8,1,4,3,7,Yes,90
222,37,Male,185,69,High,4,1,0,6,2,7,7,7,9,No,69
223,24,Male,185,98,High,13,2,3,6,9,9,6,5,1,No,74
224,37,Male,175,91,Medium,4,2,2,2,9,8,2,6,4,Yes,77
225,26,Male,192,84,Medium,4,2,3,5,8,5,8,8,6,No,82
226,18,Female,176,99,Low,12,2,4,4,1,4,7,9,7,Yes,92
227,25,Male,154,67,Medium,6,2,4,5,2,7,7,1,7,Yes,75
228,24,Female,169,66,Low,7,2,4,2,6,5,8,3,2,No,97
229,35,Female,160,73,Low,2,2,3,6,5,7,1,7,4,Yes,94
230,25,Male,159,52,High,5,1,4,5,9,1,1,6,5,No,93
231,18,Male,189,81,High,4,2,0,5,5,1,8,7,1,No,87
232,28,Female,187,84,High,14,1,4,6,2,3,4,8,1,No,61
233,35,Male,155,87,High,13,1,1,2,4,2,5,6,3,Yes,89
234,27,Male,157,62,Medium,3,2,3,6,9,2,8,3,3,No,72
235,20,Female,172,96,High,7,2,1,1,1,7,5,2,8,Yes,75
236,24,Female,196,74,Medium,11,1,4,4,1,2,4,7,9,No,64
237,33,Male,175,58,High,12,1,0,6,7,4,6,1,1,No,87
238,33,Female,195,53,Medium,6,2,2,2,3,2,5,3,2,Yes,98
239,37,Male,192,63,Low,14,2,4,3,2,6,7,4,2,No,79
240,34,Male,161,86,Medium,7,1,0,1,9,8,7,1,4,No,83
241,19,Male,175,83,Medium,5,2,3,3,3,4,4,5,2,Yes,86
242,18,Female,162,60,High,13,2,1,6,2,5,5,3,7,Yes,89
243,33,Female,189,90,Medium,6,2,1,1,8,4,3,2,9,Yes,86
244,29,Female,167,52,Low,5,1,1,4,6,3,4,3,7,No,85
245,22,Female,174,77,Low,14,1,3,6,6,5,4,8,6,Yes,66
246,22,Female,182,78,High,7,1,0,4,7,9,3,6,1,Yes,97
247,26,Male,196,58,Low,2,2,3,5,7,8,5,7,9,No,64
248,26,Male,189,52,Medium,14,2,1,3,6,8,5,6,5,Yes,82
249,20,Male,192,74,Low,11,1,4,1,4,8,7,6,5,No,87
250,36,Male,161,83,High,5,1,2,4,9,8,4,3,6,No,93
251,33,Female,193,61,Medium,6,1,3,2,6,7,4,8,9,Yes,74
252,33,Male,185,91,High,6,2,3,4,4,8,9,7,8,No,91
253,20,Female,197,58,Medium,5,1,0,2,3,8,6,7,8,Yes,85
254,37,Male,153,64,Low,10,1,0,6,4,8,4,6,8,Yes,90
255,39,Female,154,89,High,7,2,3,1,3,7,2,5,1,Yes,78
256,18,Female,186,74,High,10,2,1,4,2,1,6,8,1,Yes,68
257,37,Male,157,54,Medium,8,2,2,4,5,4,2,5,8,No,88
258,28,Male,191,60,High,7,1,0,1,2,4,5,9,5,No,98
259,34,Male,198,83,Medium,5,2,1,4,6,5,6,9,9,Yes,63
260,25,Male,177,73,Medium,1,2,4,2,3,6,4,1,2,Yes,62
261,21,Female,180,64,Medium,13,1,0,4,6,4,3,6,9,No,88
262,23,Male,158,87,Medium,5,2,1,3,9,2,7,7,8,Yes,70
263,25,Male,178,57,Low,10,1,1,6,1,6,2,3,9,No,92
264,37,Female,163,54,Medium,2,1,2,5,6,8,6,7,4,Yes,97
265,20,Male,189,97,High,13,2,2,2,9,8,4,7,1,No,70
266,33,Male,190,75,Low,5,2,4,3,4,7,6,2,1,No,86
267,20,Male,171,67,High,5,2,1,6,2,6,4,7,5,No,92
268,35,Male,160,55,Low,2,2,1,1,4,2,4,1,2,Yes,80
269,31,Male,172,86,Medium,5,2,2,2,1,7,4,5,8,Yes,98
270,35,Female,150,97,Low,13,2,0,5,3,5,9,9,5,Yes,90
271,19,Male,195,62,Low,4,1,0,6,9,6,7,7,5,Yes,97
272,39,Male,186,77,High,1,1,3,5,5,8,3,7,2,Yes,61
273,20,Male,170,54,High,3,2,2,1,6,8,3,2,7,No,86
274,33,Male,175,62,Medium,1,1,3,1,3,3,6,8,8,No,95
275,26,Male,195,66,Low,12,2,2,2,5,7,6,3,1,No,70
276,21,Female,185,99,Low,11,1,4,4,8,1,4,8,2,No,77
277,18,Male,172,89,Low,5,1,1,1,6,1,9,3,4,No,60
278,21,Female,150,94,Medium,4,1,4,6,4,7,4,7,5,No,94
279,18,Female,189,81,Medium,7,2,2,4,2,9,9,2,2,No,94
280,31,Male,164,78,Medium,5,1,1,3,9,7,4,4,1,Yes,90
281,38,Male,170,52,Medium,10,2,0,5,1,5,2,6,9,No,87
282,33,Male,196,89,Medium,14,1,0,4,1,8,2,9,1,Yes,98
283,37,Male,158,83,High,4,1,3,5,4,2,5,5,4,No,60
284,25,Female,158,89,Low,2,1,2,4,7,9,4,9,2,No,84
285,24,Male,159,76,Low,4,1,2,3,1,6,7,5,4,Yes,97
286,20,Male,175,62,Low,12,1,0,1,9,9,5,8,8,No,79
287,34,Male,190,94,Low,2,2,4,3,4,2,6,1,8,Yes,62
288,18,Male,184,82,Low,8,2,1,1,3,3,4,7,9,No,61
289,33,Male,174,55,Low,3,1,4,1,1,8,2,4,5,Yes,77
290,29,Male,175,73,Low,9,1,4,5,4,1,9,5,7,No,69
291,36,Female,160,68,Low,13,1,0,6,9,7,7,6,3,Yes,64
292,39,Female,187,65,High,4,1,0,3,6,7,4,5,4,Yes,68
293,39,Male,151,89,Low,13,2,0,4,6,1,3,1,9,No,61
294,31,Male,156,77,High,6,1,3,3,1,9,3,9,1,No,93
295,23,Male,167,82,Medium,10,2,4,5,2,8,9,2,2,Yes,97
296,23,Female,176,97,Low,5,1,2,1,6,4,5,9,5,No,90
297,30,Male,183,90,Medium,10,2,1,5,2,5,3,2,3,Yes,69
298,36,Female,176,62,Medium,13,1,3,2,3,2,5,9,2,No,71
299,39,Male,166,92,Medium,1,1,2,2,4,9,2,6,1,Yes,95
300,25,Male,192,94,High,9,2,4,4,5,6,4,9,3,No,80
301,19,Male,193,74,Medium,1,1,0,5,9,3,2,6,1,Yes,65
302,38,Male,173,91,Medium,8,1,4,4,4,7,2,6,1,No,62
303,18,Female,174,85,Medium,9,1,1,4,9,9,8,2,1,Yes,69
304,32,Female,156,76,Low,9,2,3,2,3,3,1,8,8,Yes,64
305,18,Male,155,87,Low,1,1,3,4,8,2,7,3,3,No,85
306,22,Male,173,56,High,2,1,1,2,1,7,5,7,1,No,80
307,33,Female,182,54,High,12,2,2,1,9,7,8,5,7,Yes,85
308,36,Female,198,92,Low,13,2,2,5,9,4,1,3,3,Yes,97
309,21,Female,178,94,High,1,2,3,4,2,9,7,1,8,Yes,85
310,20,Female,192,80,Low,10,1,3,2,4,8,5,8,4,Yes,67
311,34,Male,171,72,Medium,2,1,0,3,8,1,4,3,4,No,64
312,34,Female,175,91,Medium,10,1,2,4,7,1,7,2,5,Yes,74
313,29,Male,177,59,High,12,2,1,6,1,5,2,1,6,Yes,75
314,31,Female,199,81,Low,8,1,2,1,5,6,1,4,7,Yes,60
315,38,Female,170,92,Low,5,1,0,1,7,3,1,8,4,No,75
316,23,Female,198,79,High,12,2,3,3,4,9,1,3,8,Yes,96
317,20,Female,156,88,Low,11,2,3,2,1,6,5,1,6,No,62
318,26,Female,166,80,Medium,7,2,0,4,9,4,7,4,1,No,90
319,22,Male,169,67,High,2,2,1,2,5,7,2,9,1,No,72
320,34,Male,190,85,High,8,2,3,1,2,8,8,1,9,No,75
321,31,Female,198,51,Low,11,1,4,2,8,9,4,2,6,No,80
322,38,Female,169,63,High,6,2,3,1,2,6,3,9,8,No,61
323,20,Male,171,62,Low,8,1,4,2,3,6,8,2,7,No,86
324,18,Female,177,78,Low,1,1,0,3,1,8,2,3,6,Yes,97
325,37,Female,189,61,Low,1,2,0,5,2,5,3,7,4,Yes,85
326,38,Male,198,88,Low,12,2,3,3,7,3,3,3,7,No,97
327,18,Female,156,51,Low,7,2,2,3,2,3,1,9,9,Yes,84
328,20,Female,150,81,High,8,1,4,5,6,6,6,6,7,Yes,70
329,35,Male,181,62,Medium,13,2,1,5,3,2,2,3,1,No,67
330,27,Male,162,95,Medium,3,2,3,4,4,6,1,9,9,Yes,67
331,39,Male,179,76,High,5,2,1,4,8,6,2,1,4,No,92
332,20,Female,172,98,High,12,2,3,3,3,8,6,3,3,Yes,66
333,25,Male,168,90,Medium,1,2,2,3,6,7,4,1,4,No,97
334,31,Male,181,66,Medium,7,1,2,1,1,8,6,2,4,No,80
335,35,Male,179,89,Medium,5,1,2,1,7,9,9,8,2,Yes,67
336,32,Male,178,80,Medium,8,1,2,4,8,6,8,7,1,Yes,80
337,39,Male,198,83,Medium,13,2,0,6,8,3,1,2,1,No,79
338,19,Male,194,73,Low,8,2,0,6,3,3,8,2,8,No,67
339,27,Female,178,94,High,9,2,4,4,1,1,9,9,2,No,90
340,19,Female,179,84,Low,7,1,1,1,9,5,6,6,5,Yes,88
341,34,Male,165,97,Medium,11,2,3,1,6,4,5,5,4,Yes,68
342,25,Male,189,55,Medium,1,2,3,6,9,9,6,6,8,Yes,74
343,18,Male,168,68,Medium,13,2,0,2,7,9,6,9,2,Yes,89
344,26,Female,167,79,Low,3,1,3,2,1,5,9,7,9,No,85
345,28,Female,150,56,Low,8,2,0,1,1,4,4,9,7,No,69
346,39,Female,163,59,Medium,3,1,4,2,6,7,2,4,7,No,88
347,33,Female,196,90,Low,8,2,1,5,5,6,9,2,1,No,75
348,24,Female,199,81,Low,1,1,4,4,9,4,2,8,2,Yes,95
349,27,Female,151,83,Medium,5,1,2,4,2,2,9,4,4,No,79
350,20,Female,177,77,Low,4,1,2,1,8,1,2,9,4,No,96
351,35,Female,198,64,High,5,2,2,3,5,4,8,4,3,Yes,81
352,30,Female,199,79,High,8,2,4,6,2,4,9,8,7,Yes,66
353,24,Male,179,86,High,10,1,3,1,6,1,9,9,8,No,82
354,21,Male,187,78,High,14,1,1,2,8,6,9,9,2,Yes,99
355,30,Male,153,71,Medium,4,2,2,6,4,4,2,4,4,No,88
356,37,Male,150,53,Medium,11,2,2,3,2,1,4,1,3,Yes,75
357,18,Female,157,69,Medium,4,1,2,2,5,1,7,3,2,Yes,97
358,25,Female,178,81,High,3,2,1,5,2,1,2,9,6,No,87
359,31,Male,188,85,High,7,2,2,2,2,8,1,4,4,Yes,97
360,33,Female,152,99,Low,3,2,1,5,6,8,3,5,6,No,90
361,31,Male,181,53,Low,12,2,2,6,9,2,4,7,2,Yes,73
362,29,Female,159,76,High,3,1,4,5,4,7,8,5,4,Yes,92
363,36,Male,159,66,High,11,2,4,6,6,8,6,4,6,Yes,68
364,32,Female,168,61,High,10,2,1,6,7,8,2,2,5,Yes,86
365,19,Female,195,71,High,5,1,4,6,6,7,9,2,3,Yes,83
366,19,Male,183,66,Low,5,1,1,6,8,5,2,4,8,No,72
367,39,Female,182,59,High,14,2,4,6,4,1,5,9,7,Yes,85
368,36,Male,172,50,Low,6,2,4,2,1,9,4,8,3,No,88
369,39,Male,177,71,High,8,2,1,6,7,7,7,3,6,Yes,87
370,39,Male,181,75,High,10,2,3,2,3,2,8,9,4,No,87
371,34,Male,199,67,High,6,1,4,6,6,6,5,5,5,Yes,67
372,37,Female,156,99,Low,12,1,2,5,2,2,5,3,5,No,82
373,27,Female,178,63,Low,1,1,3,6,9,1,2,5,7,No,88
374,23,Female,157,96,Medium,8,2,1,3,1,7,8,4,5,Yes,64
375,32,Male,150,78,High,8,2,3,6,6,2,2,8,3,Yes,66
376,39,Female,152,61,Medium,9,2,0,6,6,2,6,5,5,Yes,95
377,28,Male,173,85,Medium,9,2,0,5,5,5,8,8,7,No,86
378,22,Female,172,84,Low,2,1,4,4,5,5,6,9,5,No,61
379,18,Female,157,61,Low,2,1,4,5,1,7,4,4,5,Yes,84
380,25,Female,196,56,Medium,3,2,2,3,5,1,4,7,9,Yes,68
381,38,Male,186,78,High,1,1,3,4,2,8,6,2,3,No,86
382,29,Female,152,60,Low,4,2,0,1,7,3,4,6,6,No,60
383,29,Female,182,82,High,14,2,4,1,3,4,8,8,1,Yes,82
384,22,Male,177,55,High,4,1,3,3,4,9,9,7,5,No,69
385,24,Female,196,96,Medium,14,2,4,5,3,4,1,7,8,Yes,84
386,21,Male,157,64,Medium,9,2,4,2,3,5,4,8,5,Yes,62
387,23,Female,183,81,Medium,9,1,0,3,4,7,4,7,9,Yes,65
388,30,Male,184,60,Medium,9,2,0,4,5,4,2,5,6,No,65
389,37,Male,181,72,Low,10,2,4,4,1,1,6,7,8,No,61
390,32,Female,173,75,Low,7,1,1,6,4,9,3,3,8,No,77
391,20,Male,163,83,Medium,14,2,4,1,8,4,7,5,3,No,82
392,25,Male,181,95,Low,2,1,4,4,7,9,5,7,7,Yes,61
393,37,Male,195,83,Medium,10,2,2,3,9,6,4,9,7,No,71
394,33,Male,192,78,High,5,1,2,4,5,1,5,2,6,Yes,81
395,30,Male,165,53,High,4,1,2,3,4,3,8,4,7,Yes,96
396,35,Male,153,66,High,12,1,1,2,8,2,3,7,2,Yes,79
397,27,Female,186,84,Medium,11,2,1,6,9,9,7,1,9,No,98
398,36,Male,170,62,High,8,1,4,1,7,1,6,2,1,Yes,83
399,34,Male,163,90,Low,2,1,2,4,7,9,1,9,1,Yes,79
400,36,Female,180,88,High,6,1,1,3,5,9,7,7,3,No,60
401,22,Female,197,64,High,13,1,0,5,4,8,7,7,3,Yes,60
402,38,Female,167,78,High,5,1,4,1,1,8,1,6,1,No,76
403,26,Female,156,78,Low,12,2,3,2,7,1,9,3,7,No,60
404,29,Female,159,60,Medium,2,2,4,3,1,8,6,3,4,No,89
405,38,Female,156,81,Low,11,2,3,6,1,3,2,2,2,Yes,62
406,18,Female,182,51,Medium,10,2,2,6,5,7,5,6,5,No,70
407,18,Male,172,96,Medium,1,2,3,2,9,1,4,4,6,No,83
408,32,Male,170,63,High,8,2,2,2,6,1,7,5,9,No,81
409,19,Female,168,69,Medium,2,2,0,6,3,5,8,3,4,No,85
410,39,Male,197,71,Low,7,1,3,4,3,5,1,6,2,Yes,72
411,33,Male,168,60,Low,9,2,4,4,7,8,5,3,5,No,60
412,25,Male,185,76,Medium,9,1,2,3,6,7,3,8,3,Yes,83
413,30,Female,178,52,High,8,1,4,5,9,8,1,9,2,No,69
414,38,Female,167,66,High,11,2,1,3,6,6,3,4,1,Yes,94
415,18,Male,151,93,Low,14,1,2,5,5,6,6,9,2,No,83
416,33,Female,150,77,High,12,1,3,2,7,2,7,7,6,Yes,87
417,24,Male,196,78,Medium,10,1,2,1,1,6,8,3,8,No,95
418,22,Male,154,70,Medium,9,1,4,3,7,5,4,7,3,Yes,75
419,39,Male,169,96,Low,2,2,0,3,3,3,3,1,9,Yes,99
420,20,Male,160,65,Medium,6,2,2,5,9,6,5,3,9,Yes,75
421,29,Female,191,86,Low,4,2,3,2,6,8,9,6,2,No,76
422,33,Female,151,69,Medium,14,2,1,2,9,9,6,4,8,Yes,74
423,36,Female,152,55,Low,4,2,0,5,5,1,9,7,5,Yes,75
424,22,Male,172,68,High,5,2,1,2,7,3,6,3,4,Yes,74
425,39,Female,161,54,Medium,12,2,2,6,4,3,2,1,5,Yes,93
426,31,Male,169,52,Medium,3,2,4,4,7,8,5,9,4,No,70
427,22,Female,154,50,Low,14,2,4,6,1,1,9,6,8,Yes,60
428,32,Male,186,87,Low,1,2,3,1,7,5,8,8,4,Yes,74
429,34,Male,187,64,Medium,8,1,4,3,8,3,7,3,6,Yes,85
430,31,Male,179,83,Low,5,2,0,1,5,2,1,8,2,No,63
431,37,Female,158,84,Medium,3,1,4,3,2,8,4,2,5,Yes,64
432,22,Female,183,98,High,10,1,3,4,5,3,7,4,6,Yes,94
433,29,Female,193,74,Low,14,1,2,2,6,7,7,3,5,Yes,72
434,33,Female,184,73,Medium,7,1,2,6,2,1,6,1,2,Yes,69
435,33,Male,171,61,High,7,2,4,5,6,6,8,7,7,No,70
436,38,Female,193,67,High,1,1,1,6,6,3,6,2,4,Yes,77
437,24,Female,173,64,Medium,12,2,2,4,1,8,3,4,8,Yes,93
438,21,Male,166,93,Low,9,2,4,1,1,6,4,9,7,No,98
439,18,Male,159,65,Medium,2,1,3,5,3,2,3,6,7,No,82
440,22,Male,179,76,High,5,2,4,2,3,6,1,8,9,No,66
441,27,Female,195,57,Medium,13,1,2,4,4,7,5,2,1,Yes,98
442,39,Male,172,95,Low,14,1,3,5,2,5,1,7,6,No,62
443,22,Male,181,74,High,5,2,4,4,9,3,1,6,6,Yes,71
444,21,Male,166,66,Medium,14,2,0,4,7,4,2,9,6,No,66
445,19,Female,199,78,Low,8,1,3,2,7,4,4,7,6,Yes,85
446,37,Male,166,57,High,14,2,0,3,6,6,6,1,7,No,92
447,27,Female,163,64,Low,8,2,1,5,3,1,8,8,6,Yes,96
448,36,Female,158,76,High,14,2,3,2,6,4,3,3,1,No,74
449,18,Male,189,95,Medium,7,1,0,4,8,4,1,2,3,Yes,61
450,22,Male,151,99,Low,7,1,2,2,8,1,3,3,2,Yes,66
451,30,Female,194,56,High,12,2,2,3,9,9,3,6,6,Yes,91
452,21,Male,174,52,Low,11,2,1,6,1,4,5,3,8,Yes,63
453,33,Male,188,78,Low,6,2,3,5,1,7,4,5,3,Yes,79
454,33,Female,158,93,Medium,6,2,3,3,3,3,4,6,8,Yes,95
455,19,Female,171,73,Low,11,2,3,1,3,3,9,8,8,Yes,91
456,34,Male,192,52,High,9,1,1,5,8,8,7,7,5,Yes,87
457,37,Female,195,69,High,6,2,3,3,1,8,4,8,8,No,72
458,29,Male,153,95,High,12,1,2,4,2,1,3,3,6,Yes,60
459,35,Male,175,64,High,13,2,0,5,2,2,6,4,5,Yes,94
460,20,Male,178,74,Medium,13,1,2,5,3,8,3,6,9,No,89
461,18,Female,194,79,Low,2,2,2,2,6,1,6,7,7,Yes,95
462,18,Male,183,63,Medium,2,1,0,4,1,8,9,9,8,No,84
463,36,Male,172,56,Low,13,2,2,1,2,8,6,1,1,Yes,75
464,28,Male,186,66,Low,5,1,1,6,1,2,4,8,2,No,78
465,22,Female,160,93,Low,4,1,0,3,5,4,5,8,8,No,60
466,29,Female,155,69,Medium,11,1,2,2,7,6,6,6,9,Yes,64
467,20,Female,167,85,Low,2,1,4,3,8,9,3,4,4,No,81
468,18,Female,170,58,Medium,3,1,2,1,1,8,8,3,9,Yes,83
469,18,Female,191,87,High,7,1,1,1,7,8,4,3,4,Yes,96
470,25,Male,185,97,High,8,2,3,5,5,7,8,6,9,Yes,95
471,27,Female,190,71,Low,12,1,2,1,1,9,3,8,7,Yes,95
472,28,Female,187,51,Medium,13,2,3,3,3,2,7,7,2,No,63
473,29,Female,183,73,High,6,2,4,4,7,3,9,1,9,Yes,95
474,30,Male,166,57,Medium,11,2,2,4,1,8,4,6,4,No,77
475,29,Female,186,60,Medium,5,2,0,5,7,6,8,7,8,No,75
476,31,Female,174,62,Low,13,2,3,6,5,9,3,7,7,Yes,77
477,19,Male,187,66,High,1,1,4,3,1,4,7,9,7,Yes,81
478,36,Female,161,57,Low,8,1,0,3,1,8,3,5,8,Yes,61
479,35,Male,172,70,Low,3,1,0,1,1,3,7,1,1,Yes,80
480,20,Male,191,67,High,6,2,0,3,9,3,6,2,5,No,95
481,34,Male,171,79,High,3,1,0,2,3,8,2,4,2,Yes,98
482,25,Male,170,67,Medium,7,1,2,6,5,5,3,5,2,No,98
483,27,Male,176,95,High,13,1,2,1,9,3,6,9,1,Yes,88
484,19,Female,180,96,Medium,14,1,2,2,6,1,4,1,5,Yes,85
485,36,Male,155,80,Medium,7,1,4,5,9,3,6,3,2,Yes,80
486,26,Male,176,87,Medium,12,2,4,4,8,9,1,5,4,Yes,76
487,24,Female,189,81,High,9,1,4,5,8,5,1,3,3,No,75
488,21,Male,183,60,Low,5,2,1,4,1,2,3,4,3,No,90
489,38,Female,161,94,Medium,8,2,4,5,9,7,8,3,2,Yes,68
490,35,Female,194,74,Low,10,2,2,3,6,2,8,4,6,No,90
491,30,Female,156,82,Low,10,2,2,2,9,4,4,1,2,No,73
492,28,Male,159,87,High,8,2,1,4,3,7,6,8,8,Yes,96
493,21,Male,194,90,Low,1,1,1,1,3,4,8,4,8,Yes,61
494,38,Male,166,57,Low,12,1,4,2,6,7,7,7,5,No,73
495,21,Female,175,60,High,5,1,3,1,9,7,7,2,7,No,92
496,27,Male,170,71,Medium,3,2,1,2,7,1,4,2,4,No,94
497,22,Male,177,73,Low,1,1,0,2,3,6,9,6,1,No,98
498,26,Male,195,90,High,4,1,2,5,3,9,6,2,2,Yes,79
499,20,Female,151,66,Low,8,2,0,4,2,2,3,6,4,Yes,61
500,34,Female,192,61,Low,3,2,2,4,9,3,5,2,1,No,78
